Workbook

Sheet DASHBOARD
B2: FLIPKART AGENT OS — MASTER DASHBOARD
B3: 10-seller portfolio control center | Generated: 2026-09-08
B5: TODAY AT A GLANCE
B6: Sellers Live | C6: =COUNTA(SELLERS!A2:A11)
B7: GMV (kal) | C7: =SUM(DAILY-LOG!G:G)
B8: Aapka Cut (kal) | C8: =SUM(DAILY-LOG!I:I)
B9: Open Incidents (P0/P1) | C9: =COUNTIF(INCIDENTS!F:F,"OPEN")
B10: Active Tasks | C10: =COUNTIF(TASKS!F:F,"ASSIGNED")+COUNTIF(TASKS!F:F,"IN_PROGRESS")
B11: Kill Switch | C11: OFF (check data/KILL file)
B14: WEEKLY P&L (LAST 7 DAYS)
B15: Seller | C15: Name | D15: Rate % | E15: Net GMV (₹) | F15: Aapka (₹) | G15: Trend
B16: S01 | C16: Aman Electronics | D16: 5 | E16: =SUMIF(DAILY-LOG!B:B,B16,DAILY-LOG!G:G) | F16: =SUMIF(DAILY-LOG!B:B,B16,DAILY-LOG!I:I) | G16: —
B17: S02 | C17: Priya Fashion | D17: 4 | E17: =SUMIF(DAILY-LOG!B:B,B17,DAILY-LOG!G:G) | F17: =SUMIF(DAILY-LOG!B:B,B17,DAILY-LOG!I:I) | G17: —
B18: S03 | C18: HomeWorld Decor | D18: 3 | E18: =SUMIF(DAILY-LOG!B:B,B18,DAILY-LOG!G:G) | F18: =SUMIF(DAILY-LOG!B:B,B18,DAILY-LOG!I:I) | G18: —
B19: S04 | C19: GadgetZone | D19: 4 | E19: =SUMIF(DAILY-LOG!B:B,B19,DAILY-LOG!G:G) | F19: =SUMIF(DAILY-LOG!B:B,B19,DAILY-LOG!I:I) | G19: —
B20: S05 | C20: StyleCraft | D20: 5 | E20: =SUMIF(DAILY-LOG!B:B,B20,DAILY-LOG!G:G) | F20: =SUMIF(DAILY-LOG!B:B,B20,DAILY-LOG!I:I) | G20: —
B21: S06 | C21: Beverage Co | D21: 3 | E21: =SUMIF(DAILY-LOG!B:B,B21,DAILY-LOG!G:G) | F21: =SUMIF(DAILY-LOG!B:B,B21,DAILY-LOG!I:I) | G21: —
B22: S07 | C22: ToyBox Kids | D22: 4 | E22: =SUMIF(DAILY-LOG!B:B,B22,DAILY-LOG!G:G) | F22: =SUMIF(DAILY-LOG!B:B,B22,DAILY-LOG!I:I) | G22: —
B23: S08 | C23: MediCare Plus | D23: 4 | E23: =SUMIF(DAILY-LOG!B:B,B23,DAILY-LOG!G:G) | F23: =SUMIF(DAILY-LOG!B:B,B23,DAILY-LOG!I:I) | G23: —
B24: S09 | C24: PetPal India | D24: 5 | E24: =SUMIF(DAILY-LOG!B:B,B24,DAILY-LOG!G:G) | F24: =SUMIF(DAILY-LOG!B:B,B24,DAILY-LOG!I:I) | G24: —
B25: S10 | C25: BookNook | D25: 3 | E25: =SUMIF(DAILY-LOG!B:B,B25,DAILY-LOG!G:G) | F25: =SUMIF(DAILY-LOG!B:B,B25,DAILY-LOG!I:I) | G25: —

Sheet SELLERS
A1: ID | B1: Name | C1: Category | D1: Rate % | E1: Rate Status | F1: GMV Target (₹/mo) | G1: Ad Cap (₹/day) | H1: Contact | I1: Onboarded | J1: Status
A2: S01 | B2: Aman Electronics | C2: Electronics | D2: 5 | E2: CONFIRMED | F2: 200000 | G2: 800 | I2: 2026-09-08 | J2: LIVE
A3: S02 | B3: Priya Fashion | C3: Fashion | D3: 4 | E3: TENTATIVE | F3: 150000 | G3: 500 | I3: 2026-09-08 | J3: LIVE
A4: S03 | B4: HomeWorld Decor | C4: Home | D4: 3 | E4: CONFIRMED | F4: 100000 | G4: 300 | I4: 2026-09-08 | J4: LIVE
A5: S04 | B5: GadgetZone | C5: Electronics | D5: 4 | E5: CONFIRMED | F5: 180000 | G5: 600 | I5: 2026-09-08 | J5: LIVE
A6: S05 | B6: StyleCraft | C6: Fashion | D6: 5 | E6: CONFIRMED | F6: 90000 | G6: 400 | I6: 2026-09-08 | J6: LIVE
A7: S06 | B7: Beverage Co | C7: Grocery | D7: 3 | E7: CONFIRMED | F7: 120000 | G7: 200 | I7: 2026-09-08 | J7: LIVE
A8: S07 | B8: ToyBox Kids | C8: Toys | D8: 4 | E8: CONFIRMED | F8: 80000 | G8: 250 | I8: 2026-09-08 | J8: LIVE
A9: S08 | B9: MediCare Plus | C9: Health | D9: 4 | E9: TENTATIVE | F9: 110000 | G9: 350 | I9: 2026-09-08 | J9: LIVE
A10: S09 | B10: PetPal India | C10: Pet Care | D10: 5 | E10: CONFIRMED | F10: 70000 | G10: 200 | I10: 2026-09-08 | J10: LIVE
A11: S10 | B11: BookNook | C11: Books | D11: 3 | E11: CONFIRMED | F11: 60000 | G11: 150 | I11: 2026-09-08 | J11: LIVE

Sheet DAILY-LOG
A1: Date | B1: Seller | C1: Gross (₹) | D1: Cancelled (₹) | E1: Returns Resolved (₹) | F1: Units | G1: Net GMV (₹) | H1: Rate % | I1: Aapka Cut (₹)
A2: 2026-08-31 | B2: S01 | C2: 14840 | D2: 445 | E2: 148 | F2: 18 | G2: =C2-D2-E2 | H2: =IFERROR(VLOOKUP(B2,SELLERS!A:D,4,FALSE),4) | I2: =G2*H2/100
A3: 2026-08-31 | B3: S02 | C3: 10070 | D3: 302 | E3: 101 | F3: 12 | G3: =C3-D3-E3 | H3: =IFERROR(VLOOKUP(B3,SELLERS!A:D,4,FALSE),4) | I3: =G3*H3/100
A4: 2026-08-31 | B4: S03 | C4: 6572 | D4: 197 | E4: 66 | F4: 8 | G4: =C4-D4-E4 | H4: =IFERROR(VLOOKUP(B4,SELLERS!A:D,4,FALSE),4) | I4: =G4*H4/100
A5: 2026-08-31 | B5: S04 | C5: 12190 | D5: 366 | E5: 122 | F5: 15 | G5: =C5-D5-E5 | H5: =IFERROR(VLOOKUP(B5,SELLERS!A:D,4,FALSE),4) | I5: =G5*H5/100
A6: 2026-08-31 | B6: S05 | C6: 5088 | D6: 153 | E6: 51 | F6: 6 | G6: =C6-D6-E6 | H6: =IFERROR(VLOOKUP(B6,SELLERS!A:D,4,FALSE),4) | I6: =G6*H6/100
A7: 2026-08-31 | B7: S06 | C7: 8268 | D7: 248 | E7: 83 | F7: 10 | G7: =C7-D7-E7 | H7: =IFERROR(VLOOKUP(B7,SELLERS!A:D,4,FALSE),4) | I7: =G7*H7/100
A8: 2026-08-31 | B8: S07 | C8: 4346 | D8: 130 | E8: 43 | F8: 5 | G8: =C8-D8-E8 | H8: =IFERROR(VLOOKUP(B8,SELLERS!A:D,4,FALSE),4) | I8: =G8*H8/100
A9: 2026-08-31 | B9: S08 | C9: 7314 | D9: 219 | E9: 73 | F9: 9 | G9: =C9-D9-E9 | H9: =IFERROR(VLOOKUP(B9,SELLERS!A:D,4,FALSE),4) | I9: =G9*H9/100
A10: 2026-08-31 | B10: S09 | C10: 3816 | D10: 114 | E10: 38 | F10: 4 | G10: =C10-D10-E10 | H10: =IFERROR(VLOOKUP(B10,SELLERS!A:D,4,FALSE),4) | I10: =G10*H10/100
A11: 2026-08-31 | B11: S10 | C11: 2726 | D11: 82 | E11: 27 | F11: 3 | G11: =C11-D11-E11 | H11: =IFERROR(VLOOKUP(B11,SELLERS!A:D,4,FALSE),4) | I11: =G11*H11/100
A12: 2026-09-01 | B12: S01 | C12: 14000 | D12: 420 | E12: 140 | F12: 17 | G12: =C12-D12-E12 | H12: =IFERROR(VLOOKUP(B12,SELLERS!A:D,4,FALSE),4) | I12: =G12*H12/100
A13: 2026-09-01 | B13: S02 | C13: 9500 | D13: 285 | E13: 95 | F13: 11 | G13: =C13-D13-E13 | H13: =IFERROR(VLOOKUP(B13,SELLERS!A:D,4,FALSE),4) | I13: =G13*H13/100
... A81: 2026-09-07 | B81: S10 | C81: 2813 | D81: 84 | E81: 28 | F81: 3 | G81: =C81-D81-E81 | H81: =IFERROR(VLOOKUP(B81,SELLERS!A:D,4,FALSE),4) | I81: =G81*H81/100

Sheet KPI-TRACKER
A1: Seller | B1: Cancellation % | C1: RTD Breach % | D1: Return Rate % | E1: Rating | F1: Stockout SKUs | G1: Score Status | H1: Notes
A2: S01 | B2: 1.8 | C2: 1.2 | D2: 6.1 | E2: 4.3 | F2: 2 | G2: =IF(OR(B2>2.5,C2>2,D2>8,E2<4),"🔴 RED","✅ GREEN") | H2: sample data — real KPIs API se aayenge
A3: S02 | B3: 3.4 | C3: 2.8 | D3: 7.2 | E3: 4 | F3: 5 | G3: =IF(OR(B3>2.5,C3>2,D3>8,E3<4),"🔴 RED","✅ GREEN") | H3: sample data — real KPIs API se aayenge
A4: S03 | B4: 2.1 | C4: 0.9 | D4: 8.4 | E4: 4.2 | F4: 1 | G4: =IF(OR(B4>2.5,C4>2,D4>8,E4<4),"🔴 RED","✅ GREEN") | H4: sample data — real KPIs API se aayenge
A5: S04 | B5: 1.5 | C5: 1.1 | D5: 5.8 | E5: 4.4 | F5: 0 | G5: =IF(OR(B5>2.5,C5>2,D5>8,E5<4),"🔴 RED","✅ GREEN") | H5: sample data — real KPIs API se aayenge
A6: S05 | B6: 4.2 | C6: 3.1 | D6: 9.1 | E6: 3.9 | F6: 7 | G6: =IF(OR(B6>2.5,C6>2,D6>8,E6<4),"🔴 RED","✅ GREEN") | H6: sample data — real KPIs API se aayenge
A7: S06 | B7: 2.8 | C7: 1.6 | D7: 6.9 | E7: 4.1 | F7: 3 | G7: =IF(OR(B7>2.5,C7>2,D7>8,E7<4),"🔴 RED","✅ GREEN") | H7: sample data — real KPIs API se aayenge
A8: S07 | B8: 1.2 | C8: 0.8 | D8: 4.9 | E8: 4.5 | F8: 0 | G8: =IF(OR(B8>2.5,C8>2,D8>8,E8<4),"🔴 RED","✅ GREEN") | H8: sample data — real KPIs API se aayenge
A9: S08 | B9: 2.5 | C9: 2.2 | D9: 7.8 | E9: 4 | F9: 4 | G9: =IF(OR(B9>2.5,C9>2,D9>8,E9<4),"🔴 RED","✅ GREEN") | H9: sample data — real KPIs API se aayenge
A10: S09 | B10: 1.9 | C10: 1.4 | D10: 6.4 | E10: 4.3 | F10: 2 | G10: =IF(OR(B10>2.5,C10>2,D10>8,E10<4),"🔴 RED","✅ GREEN") | H10: sample data — real KPIs API se aayenge
A11: S10 | B11: 2.2 | C11: 1 | D11: 5.2 | E11: 4.6 | F11: 1 | G11: =IF(OR(B11>2.5,C11>2,D11>8,E11<4),"🔴 RED","✅ GREEN") | H11: sample data — real KPIs API se aayenge

Sheet PNL-MONTHLY
A1: Month | B1: Total Net GMV (₹) | C1: Total Aapka (₹) | D1: System Costs (₹) | E1: NET PROFIT (₹) | F1: Avg Rate %
A2: =IF(DAILY-LOG!A2="","",TEXT(DATE(2026,1,1),"MMM YYYY")) | B2: =SUMIF(DAILY-LOG!A:A,A2,DAILY-LOG!G:G) | C2: =SUMIF(DAILY-LOG!A:A,A2,DAILY-LOG!I:I) | D2: 5000 | E2: =C2-D2 | F2: =IF(B2=0,0,C2/B2*100)
A3: =IF(DAILY-LOG!A42="","",TEXT(DATE(2026,2,1),"MMM YYYY")) | B3: =SUMIF(DAILY-LOG!A:A,A3,DAILY-LOG!G:G) | C3: =SUMIF(DAILY-LOG!A:A,A3,DAILY-LOG!I:I) | D3: 5000 | E3: =C3-D3 | F3: =IF(B3=0,0,C3/B3*100)
A4: =IF(DAILY-LOG!A82="","",TEXT(DATE(2026,3,1),"MMM YYYY")) | B4: =SUMIF(DAILY-LOG!A:A,A4,DAILY-LOG!G:G) | C4: =SUMIF(DAILY-LOG!A:A,A4,DAILY-LOG!I:I) | D4: 5000 | E4: =C4-D4 | F4: =IF(B4=0,0,C4/B4*100)
A5: =IF(DAILY-LOG!A122="","",TEXT(DATE(2026,4,1),"MMM YYYY")) | B5: =SUMIF(DAILY-LOG!A:A,A5,DAILY-LOG!G:G) | C5: =SUMIF(DAILY-LOG!A:A,A5,DAILY-LOG!I:I) | D5: 5000 | E5: =C5-D5 | F5: =IF(B5=0,0,C5/B5*100)
A6: =IF(DAILY-LOG!A162="","",TEXT(DATE(2026,5,1),"MMM YYYY")) | B6: =SUMIF(DAILY-LOG!A:A,A6,DAILY-LOG!G:G) | C6: =SUMIF(DAILY-LOG!A:A,A6,DAILY-LOG!I:I) | D6: 5000 | E6: =C6-D6 | F6: =IF(B6=0,0,C6/B6*100)
A7: =IF(DAILY-LOG!A202="","",TEXT(DATE(2026,6,1),"MMM YYYY")) | B7: =SUMIF(DAILY-LOG!A:A,A7,DAILY-LOG!G:G) | C7: =SUMIF(DAILY-LOG!A:A,A7,DAILY-LOG!I:I) | D7: 5000 | E7: =C7-D7 | F7: =IF(B7=0,0,C7/B7*100)

Sheet COSTS
A1: Item | B1: Provider | C1: ₹/Month | D1: Notes
A2: Server (VPS) | B2: Oracle Cloud Always Free | C2: 0 | D2: A1 ARM 4 OCPU/24GB — free forever
A3: Automation (n8n) | B3: Self-hosted Docker | C3: 0 | D3: MIT/fair-code — free internal use
A4: AI (LLM) | B4: Google Gemini API free tier | C4: 0 | D4: ~₹415 upgrade optional (OpenAI)
A5: Interface | B5: Telegram bot | C5: 0 | D5: Free
A6: Backup | B6: Google Drive (rclone) | C6: 0 | D6: 15GB free
A7: WhatsApp (Phase 2) | B7: WATI/Interakt | C7: 0 | D7: Free tiers available
A8: TOTAL | C8: =SUM(C2:C7) | D8: FREE STACK

Sheet INCIDENTS
A1: Date | B1: Severity | C1: Agent | D1: Issue | E1: Action Needed | F1: Status | G1: Resolved Date
A2: (sample) | B2: P1 | C2: B5 SETTLEMENT | D2: S03 May settlement mein ₹4,300 extra commission | E2: Dispute draft approve karo | F2: OPEN

Sheet TASKS
A1: ID | B1: Priority | C1: Task | D1: Spec/Acceptance Criteria | E1: Assigned | F1: Status | G1: Verify Result
A2: T-001 | B2: P2 | C2: Listing auto-publish on karo (pilot S01, S04) | D2: 2 hafte manual approval se koi QC reject na ho | E2: CODER | F2: ASSIGNED
A3: T-002 | B3: P3 | C3: S02 rate confirm karo (4% tentative) | D3: Seller se written confirm milna | E3: CRM | F3: OPEN

Sheet SCHEDULE
A1: Time | B1: Agent | C1: Kaam | D1: Frequency
A2: 07:00 | B2: FINANCE + ORCHESTRATOR | C2: GMV + aapka % + exceptions + today's priorities | D2: daily
A3: 02:00 | B3: SYSTEM | C3: tar of data/ + .env → /backup → Drive push | D3: daily
A4: 03:00 | B4: GUARDIAN | C4: API access log, 2FA, backup integrity, anomaly scan | D4: daily
A5: 07:30 | B5: B5 SETTLEMENT | C5: new settlements → reconciliation | D5: daily
A6: 08:00 | B6: MARKET INTEL | C6: policy changes, trends, competitor moves | D6: daily
A7: 08:30 | B7: B6 PERFORMANCE | C7: cancellation/RTD/return/rating vs safe zones | D7: daily
B8: B2 INVENTORY | C8: stock check + low-stock pause + reorder alerts | D8: every 30 min
B9: B3 ORDERS | C9: order accept + RTD SLA countdown | D9: real-time
A10: 22:00 | B10: B7 ADS | C10: ROAS check, pauses, budget shifts | D10: daily
A11: 23:00 | B11: MASTER | C11: daily review → tomorrow priorities | D11: daily
A12: 18:00 | B12: ALL | C12: per-seller reports + Master Report | D12: friday
A13: 03:30 | B13: BACKUP | C13: weekly restore verification | D13: sunday
A14: 01:00 | B14: FINANCE | C14: full month commission − costs | D14: monthly
A15: 01:00 | B15: SELLER CRM | C15: monthly professional PDF per seller | D15: monthly
B16: GUARDIAN | C16: API keys rotation (sellers se naye) | D16: quarterly
B17: GUARDIAN | C17: monthly kill switch drill | D17: monthly
